id,platform,date,evidence_type,pain_codes,workaround_or_behavior,observation_summary,evidence_strength,source_url,caveat
XQ01,雪球,2015-04-09,first_person_pain,"P3;P7",无结构记录,"行情上涨使作者变得自信并放松买入标准；一次买入仅因图形看起来会涨",A,https://xueqiu.com/2470624830/40257884,"单个牛市时期案例"
XQ02,雪球,2021-03-16,workaround,"P4;P6",把雪球当交易日记,"用户为促进思考和以后回看，决定每天在雪球记录交易数据与心得",B,https://xueqiu.com/8361483566/174605685,"没有互动，不能据此判断普遍性"
XQ03,雪球,2021,advice_anecdote,"P2;P3",依赖口头记忆,"帖子描述老股民把计划的长线交易很快卖掉、把短线被套仓位改称长线",C,https://xueqiu.com/5223528950/204071405,"作者讲述家人案例，并非当事人自述"
XQ04,雪球,2019,advice_opinion,"P1;P4;P7",纸笔或投资日记,"文章主张记录买卖理由以区分判断与运气，并对抗事后记忆重构",C,https://xueqiu.com/6943090400/133084137,"教育型文章，需求证据弱于一手痛点"
XQ05,雪球,2024-12-21,first_person_pain,"P1;P2;P7",事后长文复盘,"持有约700天、浮亏约56%后，作者重新回溯低市净率和复苏预期；错过退出窗口后逐渐消极持有",A,https://xueqiu.com/8778960057/317684366,"个股及流动性情境特殊"
XQ06,雪球,2025-05-28,first_person_pain,"P3;P4",在雪球新建交易日志,"期货爆仓及股票卖飞后，用户开始记录持仓和心理变化，希望修正系统",A,https://xueqiu.com/7597950829/336746958,"属于损失发生后的补救行为"
XQ07,雪球,2025-2026,first_person_pain,"P2;P3",公开维护纪律清单,"用户记录计划外交易、追高、日内急于回本以及连续乱操作等问题",A,https://xueqiu.com/3573057981/350760686,"偏短线交易，不宜直接外推到长线投资者"
XQ08,雪球,2025-02-26,workaround,"P5;P6","Word;Excel","作者用Word写投资笔记、Excel计算估值，并指出完整估值流程对新手过于繁琐",B,https://xueqiu.com/8914239759/324982806,"偏估值工作流，不完全等于决策复盘"
XQ09,雪球,2026-03-16,first_person_pain,"P2;P8",重新写持仓逻辑,"浮亏时用户关注原逻辑究竟被证伪还是被错杀，体现价格变化与事实变化难以区分",A,https://xueqiu.com/5632341672/379660192,"较新的内容，存在内容营销或AI辅助写作可能"
XQ10,雪球,2025-01-14,workaround,"P2;P8",公开记录并设置条件单,"买入时同步记录理由、下跌后的补仓计划和上涨后的条件卖单",B,https://xueqiu.com/6673383807/320509956,"展示成熟做法，不代表未满足需求"
JS01,集思录,2022,first_person_pain,"P1;P7",年度长帖复盘,"用户重看旧记录时认为许多当时的买入逻辑如今很可笑，显示时间带来的认知变化",A,https://app.jisilu.cn/question/447753?gopage-true__page-1__item_id=4349608,"长帖中的一个阶段性反思"
JS02,集思录,2022,first_person_pain,"P2;P8",实盘帖,"用户承认部分交易买入逻辑不清晰，并回顾政策变化后仍心存幻想、错过低损退出窗口",A,https://www.jisilu.cn/question/447522?gopage-true__page-1__item_id=4344294,"多资产实盘，情境复杂"
JS03,集思录,2022,workaround,"P5;P6","Excel;实体本;财务软件","用户公开询问用什么工具记录投资成绩；回复在Excel、实体本和专用财务软件之间分化",B,https://www.jisilu.cn/question/446789,"主要讨论绩效记账，而非完整投资论点"
JS04,集思录,2023,workaround,"P5;P6",自行编程的Excel,"多账户用户因现有软件不能满足品种、费用和历史查询要求，最终回到Excel并自动抓取数据",B,https://www.jisilu.cn/question/482865,"更偏账户与收益管理需求"
JS05,集思录,2025,workaround,"P4;P5",在论坛持续更新策略,"用户把买入、卖出、仓位和筛选逻辑写入长期记录，称先记录、以后再整理",B,https://www.jisilu.cn/question/507315,"持续记录不等于愿意迁移到独立产品"
JS06,集思录,2025,first_person_pain,"P1;P7",事后结构化复盘,"国债ETF经历回撤后，用户按买前依据、买后事件重新检查决策，暴露满仓时风险假设不充分",A,https://app.jisilu.cn/question/507315?gopage-true__page-3__item_id=5244772,"单笔交易案例"
JS07,集思录,2026-06-17,first_person_pain,"P3;P4",20万字以上交易日记,"用户称三年写了超过20万字日记，但同类心态和执行错误仍会反复发生",A,https://app.jisilu.cn/question/522118?gopage-true__page-1__item_id=5468259,"论坛搜索摘要包含长讨论中的多个回复"
JS08,集思录,2025,first_person_pain,"P1;P3",十年回顾长帖,"用户回顾早期跟随推荐、依据历史涨幅买入，也承认一次大跌加仓只是感觉跌多了、没有明确理由",A,https://www.jisilu.cn/question/515794,"回忆性叙述仍可能受到事后偏差"
JS09,集思录,2025-2026,first_person_pain,"P2;P8",策略摘记,"用户反思越跌越买导致仓位集中和巨大亏损，随后用价格上涨反向确认逻辑，显示价格被当成论点证据",A,https://www.jisilu.cn/question/513790?gopage-true__page-1__item_id=5380920,"策略观点可能随帖子后续继续变化"
RD01,Reddit,2023-07-16,first_person_pain,"P5;P6;P8",向社区询问框架,"新投资者表示难以形成完整论点，希望有系统化检查和重新评估方法",A,https://www.reddit.com/r/ValueInvesting/comments/151jz03,"英语价值投资社区，不能直接代表A股散户"
RD02,Reddit,2023-08-22,first_person_pain,"P3;P4",投资论点日记,"有经验用户把研究前置和抑制过早卖出视为两大心理难题，长期记录论点、仓位和盈亏",A,https://www.reddit.com/r/ValueInvesting/comments/15y81ku,"自我报告且可能偏向高参与度投资者"
RD03,Reddit,2023-11-13,workaround,"P3;P5",Excel加新闻和论点验证,"用户用大型Excel记录数据与新闻，并寻找支持或推翻论点的信息；回复也提醒过度查看会诱发情绪化卖出",B,https://www.reddit.com/r/ValueInvesting/comments/17ug3gi,"一个页面包含多位用户观点"
RD04,Reddit,2024-05-25,first_person_pain,"P5;P6",向社区询问工具,"用户在读过书和播客后仍不知道该用哪些软件、关注什么资料以及每只股票投入多少研究时间",A,https://www.reddit.com/r/ValueInvesting/comments/1d02e81,"痛点主要处于研究阶段"
RD05,Reddit,2025-02-26,first_person_pain,"P2;P5",每只股票一个Word文档,"用户称难点是持续跟进原始论点、判断公司是否沿预期方向发展；评论者用带日期的Word文档",A,https://www.reddit.com/r/ValueInvesting/comments/1iydy3r,"社区样本较小"
RD06,Reddit,2025-06-04,first_person_pain,"P1;P2",简单日记与季度检查,"用户描述长期持有中容易忘记原始理由，可能因惯性持有或短期噪声卖出；常见做法是财报或重大事件后复核",A,https://www.reddit.com/r/ValueInvesting/comments/1l37jsr,"提问与部分回复可能存在迎合主题的偏差"
RD07,Reddit,2025-08-22,founder_validation,"P1;P4",拟议中的投资日记App,"发帖者描述记得成功交易却忘记失败理由，并提出论点记录、事件提醒和AI证据匹配",D,https://www.reddit.com/r/investing/comments/1mwrie3/would_you_write_a_investing_journal/,"发帖者在验证自己的产品，不应当作独立需求证据"
RD08,Reddit,2025-08-22,objection,O1,"Spreadsheet;Google Finance;Google News","评论认为独立产品过度设计，表格加新闻已经能够完成记录和更新",C,https://www.reddit.com/r/investing/comments/1mwrie3/would_you_write_a_investing_journal/,"明确反对意见，代表替代方案压力"
RD09,Reddit,2025-08-22,objection,O2,本地工具或不使用AI,"评论担心持仓隐私和AI可靠性，并指出AI可能迎合用户而不是真正挑战论点",C,https://www.reddit.com/r/investing/comments/1mwrie3/would_you_write_a_investing_journal/,"单条评论，但对产品信任设计重要"
RD10,Reddit,2025-08-22,objection,O3,保持人工判断,"评论以英伟达为例指出原始论点失效后可能出现更大的新机会，机械按原论点卖出会产生错误",C,https://www.reddit.com/r/investing/comments/1mwrie3/would_you_write_a_investing_journal/,"案例为事后反事实推断"
RD11,Reddit,2025-08-22,workaround,"O1;P6",iCloud Notes,"已有记录习惯的用户直接用按日期组织的系统备忘录，不表达迁移到专用App的需要",B,https://www.reddit.com/r/investing/comments/1mwrie3/would_you_write_a_investing_journal/,"说明低成本通用工具是主要竞争者"
